arrival_time,train_id,station_code,platform,destination,scheduled_time,poll_time
2026-10-05T07:20:23+01:00,103,MTS,2,Airport,2026-10-05T07:18:15+01:00,2026-10-05T07:20:36
2026-10-05T07:22:15+01:00,122,MTW,4,St James,2026-10-05T07:21:50+01:00,2026-10-05T07:22:43
2026-10-05T07:22:49+01:00,132,MTS,1,South Shields,2026-10-05T07:19:45+01:00,2026-10-05T07:23:06
2026-10-05T07:27:45+01:00,111,MTS,1,South Hylton,2026-10-05T07:25:45+01:00,2026-10-05T07:28:07
2026-10-05T07:27:53+01:00,127,MTS,2,St James,2026-10-05T07:24:15+01:00,2026-10-05T07:28:07
2026-10-05T07:32:22+01:00,104,MTS,2,Airport,2026-10-05T07:30:15+01:00,2026-10-05T07:32:42
2026-10-05T07:34:55+01:00,123,MTW,4,St James,2026-10-05T07:33:50+01:00,2026-10-05T07:35:13
2026-10-05T07:35:56+01:00,133,MTS,1,South Shields,2026-10-05T07:31:45+01:00,2026-10-05T07:36:10
2026-10-05T07:38:15+01:00,128,MTS,2,St James,2026-10-05T07:36:15+01:00,2026-10-05T07:38:42
2026-10-05T07:41:09+01:00,112,MTS,1,South Hylton,2026-10-05T07:37:45+01:00,2026-10-05T07:41:36
2026-10-05T07:46:06+01:00,134,MTS,1,South Shields,2026-10-05T07:43:45+01:00,2026-10-05T07:46:41
2026-10-05T07:46:55+01:00,105,MTS,2,Airport,2026-10-05T07:42:15+01:00,2026-10-05T07:47:04
2026-10-05T07:48:42+01:00,123,MTW,3,South Shields,2026-10-05T07:46:50+01:00,2026-10-05T07:49:13
2026-10-05T07:48:39+01:00,124,MTW,4,St James,2026-10-05T07:45:50+01:00,2026-10-05T07:49:13
2026-10-05T07:50:52+01:00,101,MTS,1,South Hylton,2026-10-05T07:49:45+01:00,2026-10-05T07:51:10
2026-10-05T07:53:21+01:00,129,MTS,2,St James,2026-10-05T07:48:15+01:00,2026-10-05T07:53:40
2026-10-05T07:56:14+01:00,135,MTS,1,South Shields,2026-10-05T07:55:45+01:00,2026-10-05T07:56:33
2026-10-05T07:56:33+01:00,106,MTS,2,Airport,2026-10-05T07:54:15+01:00,2026-10-05T07:57:08
2026-10-05T07:59:31+01:00,124,MTW,3,South Shields,2026-10-05T07:58:50+01:00,2026-10-05T08:00:03
2026-10-05T08:02:15+01:00,130,MTS,2,St James,2026-10-05T08:00:15+01:00,2026-10-05T08:02:45
2026-10-05T08:03:38+01:00,125,MTW,4,St James,2026-10-05T07:57:50+01:00,2026-10-05T08:04:06
2026-10-05T08:05:01+01:00,102,MTS,1,South Hylton,2026-10-05T08:01:45+01:00,2026-10-05T08:05:38
2026-10-05T08:08:51+01:00,136,MTS,1,South Shields,2026-10-05T08:07:45+01:00,2026-10-05T08:09:09
2026-10-05T08:10:35+01:00,126,MTW,4,St James,2026-10-05T08:09:50+01:00,2026-10-05T08:11:06
2026-10-05T08:11:01+01:00,107,MTS,2,Airport,2026-10-05T08:07:15+01:00,2026-10-05T08:11:41
2026-10-05T08:13:15+01:00,125,MTW,3,South Shields,2026-10-05T08:10:50+01:00,2026-10-05T08:13:37
2026-10-05T08:16:07+01:00,103,MTS,1,South Hylton,2026-10-05T08:13:45+01:00,2026-10-05T08:16:44
2026-10-05T08:17:00+01:00,131,MTS,2,St James,2026-10-05T08:12:15+01:00,2026-10-05T08:17:43
2026-10-05T08:20:18+01:00,108,MTS,2,Airport,2026-10-05T08:18:15+01:00,2026-10-05T08:20:38
2026-10-05T08:21:17+01:00,121,MTS,1,South Shields,2026-10-05T08:19:45+01:00,2026-10-05T08:21:36
2026-10-05T08:23:40+01:00,126,MTW,3,South Shields,2026-10-05T08:22:50+01:00,2026-10-05T08:24:09
2026-10-05T08:24:08+01:00,127,MTW,4,St James,2026-10-05T08:21:50+01:00,2026-10-05T08:24:33
2026-10-05T08:29:32+01:00,104,MTS,1,South Hylton,2026-10-05T08:25:45+01:00,2026-10-05T08:30:14
2026-10-05T08:34:20+01:00,128,MTW,4,St James,2026-10-05T08:33:50+01:00,2026-10-05T08:34:44
2026-10-05T08:35:49+01:00,127,MTW,3,South Shields,2026-10-05T08:34:50+01:00,2026-10-05T08:36:06
2026-10-05T08:36:11+01:00,122,MTS,1,South Shields,2026-10-05T08:31:45+01:00,2026-10-05T08:36:41
2026-10-05T08:38:18+01:00,133,MTS,2,St James,2026-10-05T08:36:15+01:00,2026-10-05T08:38:37
2026-10-05T08:43:40+01:00,110,MTS,2,Airport,2026-10-05T08:42:15+01:00,2026-10-05T08:44:15
2026-10-05T08:47:24+01:00,128,MTW,3,South Shields,2026-10-05T08:46:50+01:00,2026-10-05T08:47:44
2026-10-05T08:48:11+01:00,123,MTS,1,South Shields,2026-10-05T08:43:45+01:00,2026-10-05T08:48:42
2026-10-05T08:51:27+01:00,134,MTS,2,St James,2026-10-05T08:48:15+01:00,2026-10-05T08:51:38
2026-10-05T08:51:45+01:00,106,MTS,1,South Hylton,2026-10-05T08:49:45+01:00,2026-10-05T08:52:13
2026-10-05T08:52:54+01:00,129,MTW,4,St James,2026-10-05T08:45:50+01:00,2026-10-05T08:53:11
2026-10-05T08:55:18+01:00,111,MTS,2,Airport,2026-10-05T08:54:15+01:00,2026-10-05T08:55:44
2026-10-05T08:57:11+01:00,124,MTS,1,South Shields,2026-10-05T08:55:45+01:00,2026-10-05T08:57:40
2026-10-05T08:58:55+01:00,130,MTW,4,St James,2026-10-05T08:57:50+01:00,2026-10-05T08:59:03
2026-10-05T09:00:17+01:00,129,MTW,3,South Shields,2026-10-05T08:58:50+01:00,2026-10-05T09:00:36
2026-10-05T09:01:03+01:00,135,MTS,2,St James,2026-10-05T09:00:15+01:00,2026-10-05T09:01:34
2026-10-05T09:02:54+01:00,107,MTS,1,South Hylton,2026-10-05T09:01:45+01:00,2026-10-05T09:03:07
2026-10-05T09:06:34+01:00,112,MTS,2,Airport,2026-10-05T09:06:15+01:00,2026-10-05T09:07:12
2026-10-05T09:10:29+01:00,125,MTS,1,South Shields,2026-10-05T09:07:45+01:00,2026-10-05T09:10:41
2026-10-05T09:12:08+01:00,130,MTW,3,South Shields,2026-10-05T09:10:50+01:00,2026-10-05T09:12:38
2026-10-05T09:12:56+01:00,136,MTS,2,St James,2026-10-05T09:12:15+01:00,2026-10-05T09:13:13
2026-10-05T09:13:39+01:00,131,MTW,4,St James,2026-10-05T09:09:50+01:00,2026-10-05T09:14:11
2026-10-05T09:16:25+01:00,108,MTS,1,South Hylton,2026-10-05T09:13:45+01:00,2026-10-05T09:16:43
2026-10-05T09:19:52+01:00,101,MTS,2,Airport,2026-10-05T09:18:15+01:00,2026-10-05T09:20:13
2026-10-05T09:23:45+01:00,131,MTW,3,South Shields,2026-10-05T09:22:50+01:00,2026-10-05T09:24:08
2026-10-05T09:24:58+01:00,121,MTS,2,St James,2026-10-05T09:24:15+01:00,2026-10-05T09:25:06
2026-10-05T09:26:49+01:00,132,MTW,4,St James,2026-10-05T09:21:50+01:00,2026-10-05T09:27:03
2026-10-05T09:30:26+01:00,109,MTS,1,South Hylton,2026-10-05T09:25:45+01:00,2026-10-05T09:30:44
2026-10-05T09:31:38+01:00,102,MTS,2,Airport,2026-10-05T09:30:45+01:00,2026-10-05T09:32:06
2026-10-05T09:33:27+01:00,127,MTS,1,South Shields,2026-10-05T09:31:45+01:00,2026-10-05T09:33:40
2026-10-05T09:34:08+01:00,133,MTW,4,St James,2026-10-05T09:33:50+01:00,2026-10-05T09:34:40
2026-10-05T09:38:20+01:00,122,MTS,2,St James,2026-10-05T09:36:15+01:00,2026-10-05T09:38:34
2026-10-05T09:38:43+01:00,110,MTS,1,South Hylton,2026-10-05T09:37:45+01:00,2026-10-05T09:39:09
2026-10-05T09:42:56+01:00,103,MTS,2,Airport,2026-10-05T09:42:15+01:00,2026-10-05T09:43:04
2026-10-05T09:44:56+01:00,128,MTS,1,South Shields,2026-10-05T09:43:45+01:00,2026-10-05T09:45:12
2026-10-05T09:46:57+01:00,134,MTW,4,St James,2026-10-05T09:45:50+01:00,2026-10-05T09:47:09
2026-10-05T09:47:25+01:00,133,MTW,3,South Shields,2026-10-05T09:46:50+01:00,2026-10-05T09:47:33
2026-10-05T09:51:04+01:00,111,MTS,1,South Hylton,2026-10-05T09:49:45+01:00,2026-10-05T09:51:38
2026-10-05T09:57:20+01:00,129,MTS,1,South Shields,2026-10-05T09:55:45+01:00,2026-10-05T09:57:41
2026-10-05T09:58:31+01:00,135,MTW,4,St James,2026-10-05T09:57:50+01:00,2026-10-05T09:59:03
2026-10-05T10:02:23+01:00,124,MTS,2,St James,2026-10-05T10:00:15+01:00,2026-10-05T10:02:37
2026-10-05T10:02:34+01:00,112,MTS,1,South Hylton,2026-10-05T10:01:45+01:00,2026-10-05T10:03:12
2026-10-05T10:06:41+01:00,105,MTS,2,Airport,2026-10-05T10:06:15+01:00,2026-10-05T10:07:09
2026-10-05T10:08:10+01:00,130,MTS,1,South Shields,2026-10-05T10:07:45+01:00,2026-10-05T10:08:41
2026-10-05T10:10:31+01:00,136,MTW,4,St James,2026-10-05T10:09:50+01:00,2026-10-05T10:11:13
2026-10-05T10:11:54+01:00,135,MTW,3,South Shields,2026-10-05T10:10:50+01:00,2026-10-05T10:12:11
2026-10-05T10:15:43+01:00,101,MTS,1,South Hylton,2026-10-05T10:13:45+01:00,2026-10-05T10:16:15
2026-10-05T10:18:32+01:00,106,MTS,2,Airport,2026-10-05T10:18:15+01:00,2026-10-05T10:19:11
2026-10-05T10:20:35+01:00,131,MTS,1,South Shields,2026-10-05T10:19:45+01:00,2026-10-05T10:21:08
2026-10-05T10:22:30+01:00,121,MTW,4,St James,2026-10-05T10:21:50+01:00,2026-10-05T10:23:06
2026-10-05T10:25:01+01:00,126,MTS,2,St James,2026-10-05T10:24:15+01:00,2026-10-05T10:25:40
2026-10-05T10:26:55+01:00,102,MTS,1,South Hylton,2026-10-05T10:25:45+01:00,2026-10-05T10:27:13
2026-10-05T10:31:07+01:00,107,MTS,2,Airport,2026-10-05T10:30:15+01:00,2026-10-05T10:31:42
2026-10-05T10:34:28+01:00,122,MTW,4,St James,2026-10-05T10:33:50+01:00,2026-10-05T10:34:38
2026-10-05T10:37:13+01:00,127,MTS,2,St James,2026-10-05T10:36:15+01:00,2026-10-05T10:37:45
2026-10-05T10:44:32+01:00,108,MTS,2,Airport,2026-10-05T10:42:15+01:00,2026-10-05T10:45:10
2026-10-05T10:45:10+01:00,133,MTS,1,South Shields,2026-10-05T10:43:45+01:00,2026-10-05T10:45:45
2026-10-05T10:46:05+01:00,123,MTW,4,St James,2026-10-05T10:45:50+01:00,2026-10-05T10:47:41
2026-10-05T10:47:34+01:00,122,MTW,3,South Shields,2026-10-05T10:46:50+01:00,2026-10-05T10:48:40
2026-10-05T10:52:10+01:00,104,MTS,1,South Hylton,2026-10-05T10:49:45+01:00,2026-10-05T10:52:34
2026-10-05T10:55:44+01:00,109,MTS,2,Airport,2026-10-05T10:54:15+01:00,2026-10-05T10:56:15
2026-10-05T10:57:51+01:00,124,MTW,4,St James,2026-10-05T10:57:50+01:00,2026-10-05T10:58:11
2026-10-05T10:59:49+01:00,123,MTW,3,South Shields,2026-10-05T10:58:50+01:00,2026-10-05T11:00:07
2026-10-05T11:00:29+01:00,129,MTS,2,St James,2026-10-05T11:00:15+01:00,2026-10-05T11:00:42
2026-10-05T11:02:42+01:00,105,MTS,1,South Hylton,2026-10-05T11:01:45+01:00,2026-10-05T11:03:14
2026-10-05T11:07:22+01:00,110,MTS,2,Airport,2026-10-05T11:06:15+01:00,2026-10-05T11:07:41
2026-10-05T11:08:17+01:00,135,MTS,1,South Shields,2026-10-05T11:07:45+01:00,2026-10-05T11:08:40
2026-10-05T11:10:20+01:00,125,MTW,4,St James,2026-10-05T11:09:50+01:00,2026-10-05T11:10:36
2026-10-05T11:11:47+01:00,124,MTW,3,South Shields,2026-10-05T11:10:50+01:00,2026-10-05T11:12:09
2026-10-05T11:13:11+01:00,130,MTS,2,St James,2026-10-05T11:12:15+01:00,2026-10-05T11:13:42
2026-10-05T11:15:04+01:00,106,MTS,1,South Hylton,2026-10-05T11:13:45+01:00,2026-10-05T11:15:39
