STARTOFEVENT,05/10/2026 09:03:44,virtual_volunteer_android_2.6.0_168-DOOGEE_Blade10 Ultra
0,05/10/2026 09:03:44,00:00:20
1,05/10/2026 09:03:47,00:00:23
2,05/10/2026 09:04:06,00:00:42
3,05/10/2026 09:04:25,00:01:02
4,05/10/2026 09:04:30,00:01:06
5,05/10/2026 09:04:35,00:01:11
6,05/10/2026 09:04:38,00:01:14
7,05/10/2026 09:04:50,00:01:27
8,05/10/2026 09:04:54,00:01:30
9,05/10/2026 09:05:02,00:01:38
10,05/10/2026 09:06:53,00:03:30
11,05/10/2026 09:07:00,00:03:36
12,05/10/2026 09:07:08,00:03:44
13,05/10/2026 09:07:20,00:03:56
14,05/10/2026 09:07:21,00:03:57
15,05/10/2026 09:07:31,00:04:07
16,05/10/2026 09:07:38,00:04:14
17,05/10/2026 09:07:49,00:04:25
18,05/10/2026 09:07:51,00:04:27
19,05/10/2026 09:07:52,00:04:29
20,05/10/2026 09:07:54,00:04:30
21,05/10/2026 09:07:56,00:04:33
22,05/10/2026 09:07:59,00:04:35
23,05/10/2026 09:08:04,00:04:40
24,05/10/2026 09:08:05,00:04:41
25,05/10/2026 09:08:05,00:04:42
26,05/10/2026 09:08:06,00:04:43
27,05/10/2026 09:08:13,00:04:50
28,05/10/2026 09:08:22,00:04:58
29,05/10/2026 09:08:32,00:05:08
30,05/10/2026 09:09:41,00:06:17
31,05/10/2026 09:10:25,00:07:01
32,05/10/2026 09:11:36,00:08:12
33,05/10/2026 09:11:40,00:08:17
34,05/10/2026 09:11:44,00:08:20
35,05/10/2026 09:11:47,00:08:23
36,05/10/2026 09:11:53,00:08:30
37,05/10/2026 09:11:54,00:08:30
38,05/10/2026 09:12:01,00:08:37
39,05/10/2026 09:12:13,00:08:49
40,05/10/2026 09:12:15,00:08:51
41,05/10/2026 09:12:18,00:08:54
42,05/10/2026 09:12:21,00:08:57
43,05/10/2026 09:12:22,00:08:58
44,05/10/2026 09:12:23,00:08:59
45,05/10/2026 09:12:23,00:09:00
46,05/10/2026 09:12:24,00:09:00
47,05/10/2026 09:12:25,00:09:01
48,05/10/2026 09:12:28,00:09:05
49,05/10/2026 09:12:29,00:09:06
50,05/10/2026 09:12:30,00:09:07
51,05/10/2026 09:12:32,00:09:08
52,05/10/2026 09:12:33,00:09:10
53,05/10/2026 09:12:38,00:09:14
54,05/10/2026 09:13:07,00:09:43
55,05/10/2026 09:13:23,00:09:59
56,05/10/2026 09:13:49,00:10:25
57,05/10/2026 09:13:54,00:10:30
58,05/10/2026 09:14:04,00:10:40
59,05/10/2026 09:14:06,00:10:42
60,05/10/2026 09:14:09,00:10:45
61,05/10/2026 09:14:10,00:10:46
62,05/10/2026 09:14:11,00:10:47
63,05/10/2026 09:14:16,00:10:52
64,05/10/2026 09:14:21,00:10:58
65,05/10/2026 09:14:29,00:11:05
66,05/10/2026 09:14:30,00:11:06
67,05/10/2026 09:14:32,00:11:08
68,05/10/2026 09:14:33,00:11:09
69,05/10/2026 09:14:36,00:11:12
70,05/10/2026 09:14:38,00:11:15
71,05/10/2026 09:14:40,00:11:16
72,05/10/2026 09:14:41,00:11:17
73,05/10/2026 09:14:48,00:11:24
74,05/10/2026 09:14:54,00:11:30
75,05/10/2026 09:15:07,00:11:43
76,05/10/2026 09:15:07,00:11:43
77,05/10/2026 09:15:13,00:11:49
78,05/10/2026 09:15:17,00:11:54
79,05/10/2026 09:15:18,00:11:54
80,05/10/2026 09:15:20,00:11:57
81,05/10/2026 09:15:21,00:11:57
82,05/10/2026 09:15:27,00:12:03
83,05/10/2026 09:16:35,00:13:11
84,05/10/2026 09:16:57,00:13:33
85,05/10/2026 09:16:57,00:13:33
86,05/10/2026 09:17:00,00:13:36
87,05/10/2026 09:17:00,00:13:37
88,05/10/2026 09:17:39,00:14:15
89,05/10/2026 09:17:41,00:14:17
90,05/10/2026 09:17:44,00:14:20
91,05/10/2026 09:18:04,00:14:41
92,05/10/2026 09:18:08,00:14:45
93,05/10/2026 09:18:14,00:14:50
94,05/10/2026 09:18:18,00:14:54
95,05/10/2026 09:18:19,00:14:55
96,05/10/2026 09:18:20,00:14:56
97,05/10/2026 09:18:23,00:15:00
98,05/10/2026 09:18:24,00:15:00
99,05/10/2026 09:18:46,00:15:22
100,05/10/2026 09:18:55,00:15:31
101,05/10/2026 09:21:00,00:17:37
102,05/10/2026 09:21:08,00:17:44
103,05/10/2026 09:21:12,00:17:49
104,05/10/2026 09:21:14,00:17:50
105,05/10/2026 09:21:24,00:18:00
106,05/10/2026 09:21:28,00:18:04
107,05/10/2026 09:21:29,00:18:05
108,05/10/2026 09:21:35,00:18:11
109,05/10/2026 09:21:41,00:18:17
110,05/10/2026 09:21:47,00:18:24
111,05/10/2026 09:21:49,00:18:25
112,05/10/2026 09:21:49,00:18:26
113,05/10/2026 09:21:53,00:18:30
114,05/10/2026 09:22:09,00:18:45
115,05/10/2026 09:22:09,00:18:45
116,05/10/2026 09:22:18,00:18:54
117,05/10/2026 09:22:22,00:18:58
118,05/10/2026 09:22:42,00:19:18
119,05/10/2026 09:22:47,00:19:23
120,05/10/2026 09:22:50,00:19:27
121,05/10/2026 09:22:52,00:19:28
122,05/10/2026 09:22:57,00:19:34
123,05/10/2026 09:23:20,00:19:56
124,05/10/2026 09:23:47,00:20:24
125,05/10/2026 09:25:10,00:21:47
126,05/10/2026 09:26:10,00:22:46
127,05/10/2026 09:26:21,00:22:57
128,05/10/2026 09:26:25,00:23:01
129,05/10/2026 09:26:36,00:23:12
130,05/10/2026 09:26:40,00:23:16
131,05/10/2026 09:26:41,00:23:17
132,05/10/2026 09:26:47,00:23:23
133,05/10/2026 09:26:50,00:23:26
134,05/10/2026 09:26:54,00:23:30
135,05/10/2026 09:27:01,00:23:37
136,05/10/2026 09:27:04,00:23:40
137,05/10/2026 09:27:19,00:23:55
138,05/10/2026 09:27:23,00:23:59
139,05/10/2026 09:27:32,00:24:08
140,05/10/2026 09:27:42,00:24:19
141,05/10/2026 09:27:43,00:24:20
142,05/10/2026 09:27:49,00:24:25
143,05/10/2026 09:27:50,00:24:26
144,05/10/2026 09:27:51,00:24:27
145,05/10/2026 09:27:57,00:24:33
146,05/10/2026 09:28:09,00:24:45
147,05/10/2026 09:28:13,00:24:49
148,05/10/2026 09:28:15,00:24:51
149,05/10/2026 09:28:18,00:24:54
150,05/10/2026 09:28:18,00:24:55
151,05/10/2026 09:28:19,00:24:55
152,05/10/2026 09:28:23,00:24:59
153,05/10/2026 09:28:24,00:25:00
154,05/10/2026 09:28:25,00:25:01
155,05/10/2026 09:28:49,00:25:25
156,05/10/2026 09:29:14,00:25:50
157,05/10/2026 09:29:40,00:26:16
158,05/10/2026 09:29:52,00:26:29
159,05/10/2026 09:30:20,00:26:57
160,05/10/2026 09:31:28,00:28:04
161,05/10/2026 09:31:34,00:28:10
162,05/10/2026 09:31:37,00:28:14
163,05/10/2026 09:31:42,00:28:18
164,05/10/2026 09:32:04,00:28:40
165,05/10/2026 09:32:10,00:28:47
166,05/10/2026 09:32:30,00:29:06
167,05/10/2026 09:32:36,00:29:12
168,05/10/2026 09:32:48,00:29:25
169,05/10/2026 09:32:52,00:29:28
170,05/10/2026 09:33:00,00:29:37
171,05/10/2026 09:33:02,00:29:38
172,05/10/2026 09:33:12,00:29:48
173,05/10/2026 09:33:15,00:29:52
174,05/10/2026 09:33:27,00:30:04
175,05/10/2026 09:33:31,00:30:07
176,05/10/2026 09:33:33,00:30:09
177,05/10/2026 09:33:39,00:30:15
178,05/10/2026 09:33:41,00:30:17
179,05/10/2026 09:33:50,00:30:26
180,05/10/2026 09:33:51,00:30:27
181,05/10/2026 09:33:59,00:30:35
182,05/10/2026 09:34:01,00:30:37
183,05/10/2026 09:34:05,00:30:41
184,05/10/2026 09:34:14,00:30:50
185,05/10/2026 09:34:25,00:31:01
186,05/10/2026 09:34:51,00:31:27
187,05/10/2026 09:34:52,00:31:28
188,05/10/2026 09:34:56,00:31:33
189,05/10/2026 09:35:04,00:31:40
190,05/10/2026 09:35:11,00:31:47
191,05/10/2026 09:35:17,00:31:53
192,05/10/2026 09:35:18,00:31:54
193,05/10/2026 09:35:23,00:31:59
194,05/10/2026 09:35:25,00:32:02
195,05/10/2026 09:35:27,00:32:03
196,05/10/2026 09:35:28,00:32:04
197,05/10/2026 09:35:29,00:32:05
198,05/10/2026 09:35:33,00:32:09
199,05/10/2026 09:35:34,00:32:10
200,05/10/2026 09:35:35,00:32:12
201,05/10/2026 09:35:37,00:32:13
202,05/10/2026 09:35:43,00:32:19
203,05/10/2026 09:35:44,00:32:21
204,05/10/2026 09:36:09,00:32:45
205,05/10/2026 09:36:11,00:32:47
206,05/10/2026 09:38:40,00:35:17
207,05/10/2026 09:39:16,00:35:52
208,05/10/2026 09:39:34,00:36:10
209,05/10/2026 09:39:37,00:36:13
210,05/10/2026 09:39:51,00:36:27
211,05/10/2026 09:39:52,00:36:28
212,05/10/2026 09:39:53,00:36:30
213,05/10/2026 09:39:54,00:36:30
214,05/10/2026 09:39:58,00:36:34
215,05/10/2026 09:40:00,00:36:36
216,05/10/2026 09:40:03,00:36:40
217,05/10/2026 09:40:07,00:36:43
218,05/10/2026 09:40:15,00:36:51
219,05/10/2026 09:40:16,00:36:52
220,05/10/2026 09:40:17,00:36:53
221,05/10/2026 09:40:19,00:36:55
222,05/10/2026 09:40:20,00:36:57
223,05/10/2026 09:40:28,00:37:05
224,05/10/2026 09:40:30,00:37:07
225,05/10/2026 09:40:31,00:37:08
226,05/10/2026 09:40:36,00:37:12
227,05/10/2026 09:40:36,00:37:12
228,05/10/2026 09:40:38,00:37:14
229,05/10/2026 09:40:42,00:37:18
230,05/10/2026 09:40:48,00:37:24
231,05/10/2026 09:40:48,00:37:24
232,05/10/2026 09:40:53,00:37:30
233,05/10/2026 09:40:54,00:37:30
234,05/10/2026 09:40:55,00:37:31
235,05/10/2026 09:41:42,00:38:18
236,05/10/2026 09:41:43,00:38:19
237,05/10/2026 09:42:40,00:39:16
238,05/10/2026 09:42:41,00:39:17
239,05/10/2026 09:43:02,00:39:38
240,05/10/2026 09:43:38,00:40:15
241,05/10/2026 09:43:40,00:40:16
242,05/10/2026 09:43:43,00:40:20
243,05/10/2026 09:43:45,00:40:21
244,05/10/2026 09:43:49,00:40:25
245,05/10/2026 09:43:51,00:40:27
246,05/10/2026 09:43:51,00:40:28
247,05/10/2026 09:43:53,00:40:29
248,05/10/2026 09:43:59,00:40:36
249,05/10/2026 09:44:15,00:40:51
250,05/10/2026 09:44:42,00:41:18
251,05/10/2026 09:44:49,00:41:25
252,05/10/2026 09:45:54,00:42:31
253,05/10/2026 09:45:55,00:42:31
254,05/10/2026 09:46:03,00:42:39
255,05/10/2026 09:46:50,00:43:26
256,05/10/2026 09:47:15,00:43:51
257,05/10/2026 09:47:43,00:44:20
258,05/10/2026 09:47:44,00:44:20
259,05/10/2026 09:47:46,00:44:22
260,05/10/2026 09:47:47,00:44:23
261,05/10/2026 09:47:49,00:44:25
262,05/10/2026 09:47:53,00:44:29
263,05/10/2026 09:48:03,00:44:39
264,05/10/2026 09:48:06,00:44:43
265,05/10/2026 09:48:11,00:44:48
266,05/10/2026 09:48:18,00:44:54
267,05/10/2026 09:48:21,00:44:58
268,05/10/2026 09:48:24,00:45:00
269,05/10/2026 09:48:25,00:45:01
270,05/10/2026 09:48:26,00:45:03
271,05/10/2026 09:48:35,00:45:11
272,05/10/2026 09:48:45,00:45:21
273,05/10/2026 09:48:45,00:45:22
274,05/10/2026 09:48:48,00:45:25
275,05/10/2026 09:48:49,00:45:26
276,05/10/2026 09:49:40,00:46:17
277,05/10/2026 09:50:04,00:46:40
278,05/10/2026 09:50:26,00:47:03
279,05/10/2026 09:50:52,00:47:29
280,05/10/2026 09:50:55,00:47:31
281,05/10/2026 09:50:56,00:47:32
282,05/10/2026 09:50:59,00:47:35
283,05/10/2026 09:51:04,00:47:40
284,05/10/2026 09:51:12,00:47:48
285,05/10/2026 09:51:13,00:47:49
286,05/10/2026 09:51:17,00:47:53
287,05/10/2026 09:51:29,00:48:06
288,05/10/2026 09:51:32,00:48:08
289,05/10/2026 09:51:45,00:48:21
290,05/10/2026 09:51:46,00:48:22
291,05/10/2026 09:51:47,00:48:23
292,05/10/2026 09:51:48,00:48:24
293,05/10/2026 09:51:50,00:48:26
294,05/10/2026 09:51:53,00:48:29
295,05/10/2026 09:51:54,00:48:30
296,05/10/2026 09:52:08,00:48:44
297,05/10/2026 09:52:17,00:48:54
298,05/10/2026 09:52:19,00:48:55
299,05/10/2026 09:52:28,00:49:05
300,05/10/2026 09:52:32,00:49:08
301,05/10/2026 09:52:38,00:49:14
302,05/10/2026 09:52:45,00:49:21
303,05/10/2026 09:53:07,00:49:43
304,05/10/2026 09:53:07,00:49:43
305,05/10/2026 09:53:15,00:49:52
306,05/10/2026 09:53:22,00:49:58
307,05/10/2026 09:54:23,00:51:00
308,05/10/2026 09:54:27,00:51:04
309,05/10/2026 09:54:42,00:51:18
310,05/10/2026 09:54:57,00:51:33
311,05/10/2026 09:55:01,00:51:37
312,05/10/2026 09:55:55,00:52:31
313,05/10/2026 09:57:15,00:53:51
314,05/10/2026 09:57:24,00:54:00
315,05/10/2026 09:57:34,00:54:10
316,05/10/2026 09:57:48,00:54:25
317,05/10/2026 09:57:54,00:54:30
318,05/10/2026 09:57:55,00:54:32
319,05/10/2026 09:58:13,00:54:49
320,05/10/2026 09:58:51,00:55:28
321,05/10/2026 09:58:57,00:55:34
322,05/10/2026 09:59:01,00:55:37
323,05/10/2026 09:59:03,00:55:40
324,05/10/2026 09:59:04,00:55:40
325,05/10/2026 09:59:09,00:55:45
326,05/10/2026 09:59:16,00:55:53
327,05/10/2026 09:59:17,00:55:53
328,05/10/2026 09:59:18,00:55:54
329,05/10/2026 09:59:19,00:55:55
330,05/10/2026 09:59:19,00:55:55
331,05/10/2026 09:59:20,00:55:56
332,05/10/2026 09:59:21,00:55:57
333,05/10/2026 09:59:22,00:55:59
334,05/10/2026 09:59:23,00:56:00
335,05/10/2026 09:59:32,00:56:08
336,05/10/2026 09:59:35,00:56:11
337,05/10/2026 09:59:36,00:56:12
338,05/10/2026 09:59:40,00:56:16
339,05/10/2026 09:59:41,00:56:17
340,05/10/2026 09:59:42,00:56:18
341,05/10/2026 09:59:46,00:56:22
342,05/10/2026 09:59:47,00:56:23
343,05/10/2026 09:59:52,00:56:29
344,05/10/2026 09:59:55,00:56:31
345,05/10/2026 10:00:01,00:56:38
346,05/10/2026 10:00:44,00:57:20
347,05/10/2026 10:00:55,00:57:32
348,05/10/2026 10:00:56,00:57:32
349,05/10/2026 10:01:17,00:57:54
350,05/10/2026 10:01:48,00:58:24
351,05/10/2026 10:01:48,00:58:24
352,05/10/2026 10:02:07,00:58:43
353,05/10/2026 10:03:16,00:59:52
ENDOFEVENT,05/10/2026 10:03:16