bin_start_s,time_of_day,total
32580.0,09:03,2
32640.0,09:04,7
32700.0,09:05,1
32760.0,09:06,1
32820.0,09:07,12
32880.0,09:08,7
32940.0,09:09,1
33000.0,09:10,1
33060.0,09:11,6
33120.0,09:12,16
33180.0,09:13,4
33240.0,09:14,17
33300.0,09:15,8
33360.0,09:16,3
33420.0,09:17,5
33480.0,09:18,10
33540.0,09:19,0
33600.0,09:20,0
33660.0,09:21,13
33720.0,09:22,9
33780.0,09:23,2
33840.0,09:24,0
33900.0,09:25,1
33960.0,09:26,9
34020.0,09:27,11
34080.0,09:28,10
34140.0,09:29,3
34200.0,09:30,1
34260.0,09:31,4
34320.0,09:32,6
34380.0,09:33,12
34440.0,09:34,7
34500.0,09:35,15
34560.0,09:36,2
34620.0,09:37,0
34680.0,09:38,1
34740.0,09:39,8
34800.0,09:40,20
34860.0,09:41,2
34920.0,09:42,2
34980.0,09:43,10
35040.0,09:44,3
35100.0,09:45,2
35160.0,09:46,2
35220.0,09:47,7
35280.0,09:48,13
35340.0,09:49,1
35400.0,09:50,6
35460.0,09:51,13
35520.0,09:52,7
35580.0,09:53,4
35640.0,09:54,4
35700.0,09:55,2
35760.0,09:56,0
35820.0,09:57,6
35880.0,09:58,3
35940.0,09:59,23
36000.0,10:00,4
36060.0,10:01,3
36120.0,10:02,1
36180.0,10:03,1
